Age,Sex,Job,Housing,Saving accounts,Checking account,Credit amount,Duration,Creditability
67,1,2,0,2,0,1169,6,1
22,0,2,0,0,1,5951,48,0
49,1,1,0,0,3,2096,12,1
45,1,2,1,0,0,7882,42,0
53,1,2,1,0,0,4870,24,1
35,1,1,1,2,3,9055,36,0
53,1,2,0,3,3,2835,24,1
35,1,3,2,0,1,6948,36,0
61,1,1,0,2,4,3059,12,1
28,1,3,0,0,1,5234,30,0
25,0,2,2,0,1,1295,12,1
24,0,2,2,0,0,4308,48,1
22,0,2,0,0,1,1567,12,1
60,1,1,0,0,0,1199,24,1
28,0,2,2,0,0,1403,15,1
32,0,1,0,1,0,1282,24,1
53,1,2,0,2,3,2424,24,1
25,1,2,0,4,0,8072,30,0
44,0,3,1,0,1,12579,24,0
31,1,2,0,3,3,3430,24,1
48,1,2,0,0,4,2134,9,1
44,1,2,2,3,0,2647,6,1
48,1,1,2,0,0,2241,10,1
44,1,2,0,1,1,1804,12,1
26,1,2,0,4,2,2069,10,1
36,1,1,0,0,0,1374,6,1
39,1,1,0,0,4,426,6,1
42,0,2,2,2,2,409,12,1
34,1,2,0,0,1,2415,7,1
63,1,2,0,0,0,6836,60,0
36,1,2,0,2,1,1913,18,1
27,1,2,0,0,0,4020,24,1
30,1,2,0,1,1,5866,18,0
57,1,1,2,3,3,1264,12,1
33,0,3,0,0,2,1474,12,1
25,1,1,0,0,1,4746,45,1
31,1,2,1,0,3,6110,48,0
37,1,2,0,0,2,2100,18,1
37,1,2,0,0,2,1225,10,1
24,1,2,0,0,1,458,9,1
30,1,3,0,3,4,2333,30,1
26,1,2,0,3,1,1158,12,1
44,1,1,0,0,1,6204,18,0
24,1,2,2,1,0,6187,30,0
58,0,1,1,0,0,6143,48,0
35,0,3,0,0,4,1393,11,1
39,1,2,0,3,2,2299,36,1
23,0,0,2,3,0,1352,6,1
39,1,1,0,0,2,7228,11,0
28,0,2,0,1,4,2073,12,1
29,1,1,0,2,1,2333,24,1
30,1,3,0,0,1,5965,27,0
25,1,2,0,0,2,1262,12,1
31,1,2,0,3,4,3378,18,1
57,1,2,1,0,1,2225,36,1
26,1,1,0,3,4,783,6,1
52,1,3,0,4,1,6468,12,0
31,0,2,0,0,4,9566,36,0
23,0,3,0,0,2,1961,18,1
23,0,1,2,0,0,6229,36,0
27,1,2,0,0,1,1391,9,1
50,1,2,0,3,1,1537,15,1
61,1,3,1,0,1,1953,36,1
25,1,2,0,0,1,14421,48,0
26,0,2,0,0,4,3181,24,1
48,1,2,0,2,4,5190,27,0
29,0,2,0,0,2,2171,12,1
22,1,2,0,2,1,1007,12,1
37,1,2,1,0,2,1819,36,1
25,0,2,0,3,4,2394,36,1
30,0,2,0,0,4,8133,36,0
46,1,1,2,2,4,730,7,1
51,1,3,1,0,0,1164,8,1
41,0,1,0,0,1,5954,42,0
40,1,3,0,4,0,1977,36,1
66,1,3,1,0,0,1526,12,1
34,1,2,0,0,0,3965,42,1
51,1,2,0,0,1,4771,11,1
39,1,1,0,3,4,9436,54,0
22,1,2,0,0,1,3832,30,1
44,0,2,0,3,4,5943,24,0
47,1,2,0,3,3,1213,15,1
24,0,1,2,1,4,1568,18,1
58,0,1,0,0,0,1755,24,1
52,1,1,0,0,0,2315,10,1
29,0,3,0,0,4,1412,12,1
27,0,2,0,0,1,1295,18,1
47,1,2,1,1,1,12612,36,0
30,1,3,0,1,0,2249,18,1
28,1,2,0,0,0,1108,12,1
56,1,2,0,0,4,618,12,1
54,1,2,0,0,0,1409,12,1
33,0,1,0,3,3,797,12,1
20,1,2,2,2,2,3617,24,1
54,1,2,0,2,1,1318,12,1
58,1,2,2,0,1,15945,54,0
61,0,2,0,2,2,2012,12,1
34,1,2,0,1,1,2622,18,1
36,1,2,0,0,1,2337,36,1
36,1,3,2,2,1,7057,20,0
41,1,1,2,1,2,1469,24,1
24,1,2,2,0,1,2323,36,1
24,0,2,0,0,2,932,6,1
35,1,2,2,0,1,1919,9,1
26,1,2,2,4,3,2445,12,1
39,1,3,0,0,1,11938,24,0
39,1,3,0,0,3,6458,18,0
32,1,2,0,0,1,6078,12,0
30,0,2,0,2,0,7721,24,0
35,1,2,0,3,1,1410,14,1
31,1,2,0,1,1,1449,6,1
23,0,2,2,0,2,392,15,1
28,1,1,2,0,1,6260,18,0
25,0,2,0,0,3,7855,36,0
35,1,2,0,3,0,1680,12,1
47,1,2,0,4,4,3578,48,1
30,0,3,0,4,0,7174,42,0
27,0,2,2,4,0,2132,10,1
23,0,2,0,3,0,4281,33,1
36,1,3,0,3,1,2366,12,1
25,0,2,0,0,0,1835,21,1
41,0,3,2,0,2,3868,24,1
24,1,1,2,0,4,1768,12,1
63,1,2,1,0,2,781,10,1
27,0,2,2,4,1,1924,18,1
30,1,2,0,0,0,2121,12,1
40,1,1,0,0,0,701,12,1
30,1,2,0,0,1,639,12,1
34,1,3,0,0,1,1860,12,1
29,0,2,0,0,0,3499,12,1
24,0,2,0,3,1,8487,48,0
29,1,2,0,0,0,6887,36,0
27,1,1,0,0,4,2708,15,1
47,1,2,1,0,3,1984,18,1
21,0,2,0,1,4,10144,60,0
38,0,2,0,3,4,1240,12,1
27,1,2,0,2,2,8613,27,0
66,1,1,0,3,1,766,12,1
35,1,2,0,2,1,2728,15,1
44,0,1,2,0,2,1881,12,1
27,1,0,0,2,2,709,6,1
30,0,3,0,0,1,4795,36,1
27,1,3,0,0,0,3416,27,1
22,1,2,0,0,0,2462,18,1
23,0,2,0,0,2,2288,21,1
30,1,2,0,1,1,3566,48,1
39,0,2,0,0,0,860,6,1
51,0,2,0,1,3,682,12,1
28,1,2,0,0,0,5371,36,0
46,1,2,0,2,4,1582,18,1
42,1,2,1,1,4,1346,6,1
38,1,2,0,0,4,1924,10,1
24,1,2,0,0,2,5848,36,0
29,0,2,2,2,1,7758,24,0
36,1,3,2,1,1,6967,24,0
20,0,2,2,0,0,1282,12,1
48,1,2,0,1,0,1288,9,1
45,1,1,0,0,0,339,12,1
38,1,2,0,1,1,3512,24,1
34,1,1,0,2,3,1898,6,1
36,1,2,0,1,2,2872,24,1
30,0,2,0,0,3,1055,18,1
36,1,2,0,3,4,1262,15,1
70,1,3,1,0,1,7308,10,0
36,1,2,0,3,4,909,36,1
32,1,2,0,3,3,2978,6,1
33,0,2,0,0,0,1131,18,1
20,0,2,0,2,1,1577,11,1
25,0,2,2,0,4,3972,24,1
31,1,2,0,0,1,1935,24,1
33,1,2,2,0,0,950,15,1
26,0,2,0,0,4,763,12,1
34,0,3,0,0,1,2064,24,1
33,1,2,0,0,1,1414,8,1
26,1,2,0,0,0,3414,21,1
53,0,3,0,3,4,7485,30,0
42,1,2,0,0,0,2577,12,1
52,1,2,0,3,0,338,6,1
31,1,3,2,0,4,1963,12,1
65,1,2,0,0,0,571,21,1
28,1,2,0,0,2,9572,36,0
30,1,3,0,0,1,4455,36,1
40,1,1,0,2,0,1647,21,1
50,1,2,0,2,3,3777,24,1
36,1,2,0,0,1,884,18,1
31,1,2,0,0,3,1360,15,1
74,0,3,1,0,1,5129,9,0
68,1,0,1,0,1,1175,16,1
20,1,2,0,1,0,674,12,1
33,0,2,0,0,1,3244,18,1
54,1,3,0,2,2,4591,24,1
34,1,1,1,1,1,3844,48,1
36,1,2,0,0,1,3915,27,1
29,1,2,2,0,3,2108,6,1
21,1,2,2,1,1,3031,45,1
34,0,3,0,0,1,1501,9,1
28,0,2,0,0,3,1382,6,1
27,0,2,2,1,1,951,12,1
36,1,2,1,4,1,2760,24,1
40,1,3,0,0,1,4297,18,1
52,1,2,0,3,3,936,9,1
27,1,1,0,0,0,1168,12,1
26,1,2,0,0,4,5117,27,0
21,1,2,2,0,0,902,12,1
38,1,1,0,0,3,1495,12,1
38,1,3,1,0,0,10623,30,0
43,1,2,0,0,4,1935,12,1
26,1,2,0,0,1,1424,12,1
21,1,1,0,0,0,6568,24,0
55,1,2,0,2,2,1413,12,1
33,1,2,0,2,4,3074,9,1
45,0,1,0,2,3,3835,36,1
50,1,2,0,0,0,5293,27,0
66,1,3,0,0,2,1908,30,1
51,1,2,0,3,2,3342,36,1
39,0,1,0,2,1,932,6,1
31,1,2,0,0,0,3104,18,1
23,1,2,0,0,2,3913,36,1
24,1,1,2,0,0,3021,24,1
64,0,2,0,0,4,1364,10,1
26,1,1,0,0,1,625,12,1
23,0,2,2,3,0,1200,12,1
30,1,2,0,0,4,707,12,1
32,1,2,0,2,4,2978,24,1
30,1,2,0,0,2,4657,15,1
27,1,2,0,0,2,2613,36,1
27,1,2,0,2,1,10961,48,0
53,1,3,1,0,0,7865,12,0
22,1,2,0,0,2,1478,9,1
22,1,2,1,0,0,3149,24,1
26,1,2,0,0,2,4210,36,1
51,1,1,1,3,4,2507,9,1
35,1,2,0,1,3,2141,12,1
25,1,1,0,0,1,866,18,1
42,1,1,0,0,4,1544,4,1
30,1,3,0,0,0,1823,24,1
23,1,0,0,3,1,14555,6,0
61,1,1,2,1,1,2767,21,1
35,0,2,0,0,3,1291,12,1
39,1,2,0,0,0,2522,30,1
29,0,2,0,4,0,915,24,1
51,1,2,0,0,2,1595,6,1
24,1,2,1,0,0,4605,48,1
27,0,2,0,0,2,1185,12,1
35,0,1,0,3,2,3447,12,1
25,1,2,0,0,4,1258,24,1
52,1,2,0,0,4,717,12,1
35,1,2,2,1,4,1204,6,1
26,1,2,0,0,2,1925,24,1
22,0,2,2,0,4,433,18,1
39,0,1,0,2,0,666,6,1
46,0,1,0,0,2,2251,12,1
24,0,2,0,0,1,2150,30,1
35,1,2,0,1,4,4151,24,1
24,1,2,0,3,1,2030,9,1
27,1,1,0,4,1,7418,60,0
35,1,1,0,0,3,2684,24,1
29,1,2,1,0,0,2149,12,1
23,0,2,0,1,2,3812,15,1
57,0,1,0,1,2,1154,11,1
27,1,2,0,0,0,1657,12,1
55,0,2,0,0,0,1603,24,1
36,1,3,1,0,0,5302,18,0
57,0,1,1,0,2,2748,12,1
32,1,1,0,0,3,1231,10,1
37,1,2,0,0,1,802,15,1
36,1,2,0,3,4,6304,36,0
38,0,2,0,0,4,1533,24,1
45,1,3,0,0,0,8978,14,0
25,1,2,0,3,2,999,24,1
32,1,2,0,2,3,2662,18,1
37,0,2,2,3,4,1402,12,1
36,1,3,1,3,1,12169,48,0
28,1,2,0,0,1,3060,48,1
34,1,1,0,0,0,11998,30,0
32,1,2,0,0,4,2697,9,1
26,0,2,0,0,4,2404,18,1
49,1,1,0,4,0,1262,12,1
32,0,2,0,0,3,4611,6,1
29,1,3,2,1,3,1901,24,1
23,1,2,2,2,2,3368,15,1
50,1,2,0,0,2,1574,12,1
49,1,1,0,3,2,1445,18,1
63,1,2,0,3,2,1520,15,1
37,1,2,0,1,1,3878,24,1
35,0,1,0,0,0,10722,47,0
26,1,2,0,0,0,4788,48,1
31,1,3,1,1,1,7582,48,0
49,0,2,0,0,1,1092,12,1
48,1,2,0,0,0,1024,24,1
26,1,2,0,0,4,1076,12,1
28,1,3,2,0,1,9398,36,0
44,0,3,1,0,0,6419,24,0
56,1,2,1,0,2,4796,42,1
46,1,3,0,4,3,7629,48,0
26,0,2,0,0,1,9960,48,0
20,0,2,2,3,4,4675,12,1
45,1,1,0,2,3,1287,10,1
43,1,2,0,0,3,2515,18,1
32,1,2,0,2,1,2745,21,1
54,0,0,0,0,4,672,6,1
42,0,2,0,0,1,3804,36,1
37,1,1,0,2,2,1344,24,1
49,1,2,0,0,0,1038,10,1
44,1,2,1,3,4,10127,48,0
33,1,2,0,2,2,1543,6,1
24,0,1,2,3,2,4811,30,1
33,1,1,0,1,0,727,12,1
24,0,2,0,0,1,1237,8,1
22,1,1,2,0,1,276,9,1
40,1,0,1,4,1,5381,48,0
25,1,2,0,1,2,5511,24,0
26,0,2,0,0,2,3749,24,1
25,1,1,0,0,1,685,12,1
29,1,1,0,4,2,1494,4,1
31,1,2,0,0,0,2746,36,1
38,1,1,0,0,0,708,12,1
48,0,1,0,2,1,4351,24,1
32,1,2,0,0,4,701,12,1
27,0,1,0,0,0,3643,15,1
28,1,3,0,0,1,4249,30,1
32,1,2,0,0,0,1938,24,1
34,1,3,1,0,0,2910,24,1
28,1,2,0,2,0,2659,18,1
36,0,2,0,0,3,1028,18,1
39,1,1,0,0,0,3398,8,1
49,1,2,2,2,2,5801,12,0
34,0,2,0,2,4,1525,24,1
31,1,2,0,0,2,4473,36,1
28,1,2,0,0,1,1068,6,1
75,1,3,1,0,0,6615,24,0
30,0,2,0,1,3,1864,18,1
24,0,3,0,1,1,7408,60,0
24,0,1,2,1,4,11590,48,0
23,1,2,2,0,0,4110,24,1
44,1,3,2,0,0,3384,6,1
23,0,1,0,0,1,2101,13,1
24,0,2,2,3,0,1275,15,1
28,1,2,0,0,0,4169,24,1
31,1,1,0,0,1,1521,10,1
24,0,2,1,0,1,5743,24,0
26,0,1,2,0,0,3599,21,1
25,1,2,2,3,1,3213,18,1
33,1,3,0,0,1,4439,18,1
37,1,1,0,0,2,3949,10,1
43,0,1,0,0,2,1459,15,1
23,1,2,0,0,1,882,13,1
23,0,0,2,3,1,3758,24,1
34,1,1,0,1,2,1743,6,1
32,1,2,1,2,1,1136,9,1
23,0,2,2,0,2,1236,9,1
29,0,2,0,0,1,959,9,1
38,1,3,0,4,2,3229,18,1
28,1,2,2,0,0,6199,12,0
46,1,2,1,3,3,727,10,1
23,1,1,0,0,1,1246,24,1
49,1,2,0,3,3,2331,12,1
26,1,3,0,0,2,4463,36,1
28,1,2,0,0,4,776,12,1
23,0,2,2,0,0,2406,30,1
61,1,2,1,4,1,1239,18,1
37,1,3,0,2,2,3399,12,1
36,0,2,0,0,2,2247,12,1
21,1,2,2,0,3,1766,6,1
25,1,0,0,0,0,2473,18,1
36,1,2,0,0,2,1542,12,1
27,1,2,0,0,2,3850,18,1
22,0,2,2,0,0,3650,18,1
42,1,2,0,0,0,3446,36,1
40,0,2,2,0,1,3001,18,1
36,1,2,0,4,3,3079,36,1
33,1,2,0,0,3,6070,18,0
23,0,2,2,0,4,2146,10,1
63,1,3,1,2,2,13756,60,0
60,0,3,1,1,1,14782,60,0
37,0,2,2,0,0,7685,48,0
34,1,2,0,0,3,2320,18,1
36,1,2,1,2,4,846,7,1
57,1,3,1,0,1,14318,36,0
52,0,1,0,1,3,362,6,1
39,1,2,0,2,0,2212,20,1
38,0,3,1,0,1,12976,18,0
25,0,2,2,2,4,1283,22,1
26,1,2,0,0,2,1330,12,1
26,1,1,0,1,3,4272,30,1
25,0,2,0,0,2,2238,18,1
21,0,2,2,3,3,1126,18,1
40,1,3,0,0,1,7374,18,0
27,1,2,0,3,1,2326,15,1
27,0,2,0,0,3,1449,9,1
30,1,3,0,0,3,1820,18,1
19,0,1,2,2,1,983,12,1
39,1,3,1,0,0,3249,36,1
31,0,2,0,0,0,1957,6,1
31,1,3,0,0,4,2406,9,1
32,1,2,2,1,1,11760,39,0
55,0,3,1,0,0,2578,12,1
46,1,2,0,0,0,2348,36,1
46,1,2,2,0,1,1223,12,1
43,0,1,0,2,4,1516,24,1
39,1,2,0,0,2,1473,18,1
28,1,2,0,4,1,1887,18,1
27,1,2,0,0,2,8648,24,0
27,1,1,0,0,3,802,14,1
43,1,2,0,4,1,2899,18,1
22,1,2,0,0,1,2039,24,1
43,1,2,0,3,2,2197,24,1
27,1,2,0,0,0,1053,15,1
26,1,3,0,3,2,3235,24,1
28,1,2,0,3,2,939,12,1
20,0,2,0,0,1,1967,24,1
35,1,3,0,0,3,7253,33,0
42,1,3,0,0,4,2292,12,1
40,1,1,2,3,4,1597,10,1
35,0,2,0,3,0,1381,24,1
35,1,2,0,0,3,5842,36,0
33,1,1,0,0,0,2579,12,1
23,0,2,2,2,0,8471,18,0
31,0,3,0,3,3,2782,21,1
33,0,2,0,4,1,1042,18,1
20,0,2,2,2,3,3186,15,1
30,1,2,0,2,1,2028,12,1
47,1,1,0,0,1,958,12,1
34,1,3,0,1,2,1591,21,1
25,0,2,0,4,1,2762,12,1
21,1,2,2,0,1,2779,18,1
29,1,2,0,0,4,2743,28,1
46,1,2,0,2,4,1149,18,1
20,1,2,0,0,4,1313,9,1
55,0,0,1,0,0,1190,18,1
74,1,1,0,0,3,3448,5,1
29,1,3,0,0,1,11328,24,0
36,1,3,1,0,0,1872,6,1
33,1,2,0,0,2,2058,24,1
25,1,2,0,0,0,2136,9,1
25,1,2,0,4,1,1484,12,1
23,1,1,2,3,3,660,6,1
37,0,2,0,2,2,1287,24,1
65,1,0,0,0,0,3394,42,1
26,0,0,0,0,2,609,12,1
39,1,3,0,0,4,1884,12,1
30,0,2,0,0,0,1620,12,1
29,1,2,0,0,1,2629,20,1
41,1,1,0,0,3,719,12,1
30,0,3,0,0,1,5096,48,0
41,0,1,2,3,4,1244,9,1
34,0,2,0,0,0,1842,36,1
35,1,2,0,0,1,2576,7,1
55,0,3,0,2,2,1424,12,1
61,1,2,0,2,1,1512,15,1
30,1,3,0,2,3,11054,36,0
29,0,2,0,0,4,518,6,1
34,1,2,0,0,3,2759,12,1
35,1,3,0,0,2,2670,24,1
31,1,2,0,0,0,4817,24,1
29,0,3,0,0,3,2679,24,1
36,1,2,2,0,0,3905,11,1
35,1,2,1,0,0,3386,12,1
27,0,2,0,0,0,343,6,1
32,1,2,0,0,4,4594,18,1
37,1,2,0,0,0,3620,36,1
36,1,2,0,0,0,1721,15,1
34,0,3,2,0,1,3017,12,1
38,1,2,0,3,1,754,12,1
34,1,2,0,0,4,1950,18,1
63,1,2,0,0,0,2924,24,1
29,0,1,2,0,0,1659,24,1
32,1,2,0,2,2,7238,48,0
26,0,2,0,0,3,2764,33,1
35,1,1,0,0,4,4679,24,1
22,1,2,2,1,1,3092,24,1
23,0,2,0,0,0,448,6,1
28,1,1,0,0,0,654,9,1
36,1,3,0,4,2,1238,6,1
33,1,2,0,0,1,1245,18,1
26,0,2,2,0,0,3114,18,1
24,1,2,0,3,4,2569,39,1
25,1,2,0,0,2,5152,24,0
39,1,1,0,1,1,1037,12,1
44,1,2,0,0,0,1478,15,1
23,0,1,0,0,1,3573,12,1
26,1,2,0,0,1,1201,24,1
57,0,2,2,2,0,3622,30,1
30,0,2,0,2,2,960,15,1
44,1,2,0,3,3,1163,12,1
47,1,3,0,0,1,1209,6,1
52,1,2,0,0,3,3077,12,1
62,0,2,1,0,3,3757,24,1
35,1,1,2,1,3,1418,10,1
26,1,2,2,0,3,3518,6,1
26,1,2,0,0,3,1934,12,1
42,0,3,1,0,1,8318,27,0
27,0,2,0,1,3,1237,6,1
38,1,2,0,4,1,368,6,1
39,1,1,2,0,0,2122,12,1
20,1,2,0,3,0,2996,24,1
29,1,3,2,1,1,9034,36,0
40,1,2,0,0,4,1585,24,1
32,1,1,0,0,1,1301,18,1
28,1,2,0,1,2,1323,6,1
27,0,2,0,0,0,3123,24,1
42,1,2,1,0,0,5493,36,0
49,1,2,0,1,2,1126,9,1
38,1,2,0,1,1,1216,24,1
24,0,2,2,0,0,1207,24,1
27,1,1,0,4,3,1309,10,1
36,1,2,0,3,2,2360,15,1
34,1,3,0,1,1,6850,15,0
28,1,2,0,0,3,1413,24,1
45,1,3,0,1,2,8588,39,0
26,1,2,0,0,0,759,12,1
32,1,3,1,0,4,4686,36,1
26,1,2,2,0,2,2687,15,1
20,1,2,2,0,1,585,12,1
54,1,2,0,3,4,2255,24,1
37,0,2,0,0,0,609,6,1
40,1,1,0,0,0,1361,6,1
23,0,2,2,0,2,7127,36,0
43,1,2,0,1,0,1203,6,1
36,1,2,1,2,2,700,6,1
44,1,2,1,0,2,5507,24,0
24,0,2,0,0,0,3190,18,1
53,1,2,1,0,0,7119,48,0
23,0,2,0,1,3,3488,24,1
26,0,1,0,0,1,1113,18,1
30,1,2,0,0,1,7966,26,0
31,0,2,0,1,3,1532,15,1
42,1,1,0,0,4,1503,4,1
31,1,2,2,0,0,2302,36,1
41,1,1,0,0,0,662,6,1
32,1,2,0,0,1,2273,36,1
28,0,2,2,1,1,2631,15,1
41,1,2,2,0,3,1503,12,1
26,1,2,0,1,4,1311,24,1
25,1,2,0,3,3,3105,24,1
33,1,2,2,0,2,2319,21,1
75,0,3,0,2,0,1374,6,1
37,0,2,0,0,1,3612,18,1
42,1,3,1,0,0,7763,48,0
45,0,1,0,0,2,3049,18,1
23,1,2,2,0,1,1534,12,1
60,1,2,1,0,2,2032,24,1
31,1,2,0,2,0,6350,30,0
34,1,1,0,0,2,2864,18,1
61,1,1,0,0,4,1255,12,1
43,1,2,1,0,0,1333,24,1
37,0,2,0,0,2,2022,24,1
32,1,2,0,0,2,1552,24,1
24,0,1,0,0,0,626,12,1
35,1,2,1,3,3,8858,48,0
23,0,2,0,2,4,996,12,1
45,1,1,0,3,3,1750,6,1
34,1,2,0,0,0,6999,48,0
27,1,2,0,1,1,1995,12,1
67,0,3,0,0,1,1199,9,1
22,1,2,0,0,1,1331,12,1
28,0,2,0,1,1,2278,18,1
29,0,2,0,2,2,5003,21,0
27,1,2,0,0,0,3552,24,1
31,1,1,0,0,1,1928,18,1
49,1,2,1,2,0,2964,24,1
24,1,1,2,0,0,1546,24,1
29,0,2,0,0,2,683,6,1
37,1,2,1,2,1,12389,36,0
37,1,3,0,3,1,4712,24,1
23,0,2,2,1,1,1553,24,1
36,1,2,0,0,0,1372,12,1
34,1,2,0,2,4,2578,24,1
41,1,2,0,4,1,3979,48,1
31,0,2,0,0,0,6758,48,0
23,0,1,2,0,0,3234,24,1
38,1,2,0,0,2,5954,30,0
26,0,3,2,4,2,5433,24,0
22,0,1,0,0,0,806,15,1
27,1,1,0,0,1,1082,9,1
24,0,2,0,0,4,2788,15,1
27,0,2,0,0,1,2930,12,1
33,0,2,0,4,4,1927,24,1
27,1,2,0,0,1,2820,36,1
27,1,1,0,0,4,937,24,1
30,1,2,0,0,1,1056,18,1
49,1,1,0,0,1,3124,12,1
26,0,2,2,0,3,1388,9,1
33,1,1,2,0,1,2384,36,1
52,0,3,1,2,2,2133,12,1
20,0,2,2,0,0,2039,18,1
36,1,2,2,0,0,2799,9,1
21,1,1,0,0,0,1289,12,1
47,1,1,0,0,0,1217,18,1
60,1,2,0,0,0,2246,12,1
58,0,1,0,0,0,385,12,1
42,0,2,2,4,1,1965,24,1
36,0,1,0,2,2,1572,21,1
20,0,1,2,0,1,2718,24,1
40,1,3,0,4,0,1358,24,1
32,0,1,0,1,1,931,6,1
23,0,2,2,0,0,1442,24,1
36,1,1,0,0,1,4241,24,1
31,1,2,0,0,4,2775,18,1
32,1,2,1,0,2,3863,24,1
45,0,2,0,0,1,2329,7,1
30,0,2,0,0,1,918,9,1
34,0,1,1,0,1,1837,24,1
28,0,3,0,0,4,3349,36,1
23,0,2,0,0,2,1275,10,1
22,1,2,0,3,0,2828,24,1
74,1,3,0,0,4,4526,24,1
50,0,2,1,1,1,2671,36,1
33,1,2,0,0,4,2051,18,1
45,1,2,1,2,2,1300,15,1
22,0,2,0,1,0,741,12,1
48,0,1,1,1,2,1240,10,1
29,0,2,0,2,0,3357,21,1
22,0,2,2,0,0,3632,24,1
22,0,2,0,0,2,1808,18,1
48,1,3,0,4,1,12204,48,0
27,1,3,1,3,1,9157,60,0
37,1,2,2,0,0,3676,6,1
21,0,2,2,1,1,3441,30,1
49,1,1,0,0,2,640,12,1
27,1,2,0,0,1,3652,21,1
32,1,2,0,0,4,1530,18,1
38,1,2,0,3,4,3914,48,1
22,0,2,2,0,0,1858,12,1
65,1,2,1,0,0,2600,18,1
35,1,2,0,2,4,1979,15,1
41,1,2,0,0,2,2116,6,1
29,1,2,0,1,1,1437,9,1
36,1,2,0,3,2,4042,42,1
64,1,1,0,2,2,3832,9,1
28,0,2,0,0,0,3660,24,1
44,1,2,0,0,0,1553,18,1
23,1,2,0,4,1,1444,15,1
19,0,2,2,0,2,1980,9,1
25,0,1,0,0,1,1355,24,1
47,1,2,0,0,4,1393,12,1
28,0,2,0,3,2,1376,24,1
21,1,2,0,0,4,15653,60,0
34,0,2,0,0,2,1493,12,1
26,1,2,0,0,0,4370,42,1
27,0,0,0,0,0,750,18,1
38,1,1,0,0,1,1308,15,1
40,1,3,0,1,2,4623,15,1
33,1,2,0,0,4,1851,24,1
32,1,3,0,0,0,1880,18,1
27,1,2,2,3,2,7980,36,0
32,1,2,0,0,0,4583,30,1
26,0,2,0,3,2,1386,12,1
38,1,2,1,0,2,947,24,1
40,1,1,2,0,0,684,12,1
50,1,3,1,0,0,7476,48,0
37,1,1,0,0,1,1922,12,1
45,1,2,0,0,0,2303,24,1
42,1,3,0,1,1,8086,36,0
35,1,2,0,0,4,2346,24,1
22,1,2,1,0,0,3973,14,1
41,1,1,0,0,1,888,12,1
37,1,2,0,2,2,10222,48,0
28,0,2,0,0,1,4221,30,1
41,1,2,0,0,1,6361,18,0
23,1,2,2,0,2,1297,12,1
23,1,2,0,4,0,900,12,1
50,1,2,0,0,4,2241,21,1
35,1,3,0,0,1,1050,6,1
50,0,1,0,0,2,1047,6,1
27,1,3,0,0,3,6314,24,0
34,1,2,0,2,1,3496,30,1
27,0,2,0,0,3,3609,48,1
43,1,2,2,0,0,4843,12,1
47,1,2,0,0,2,3017,30,1
27,1,1,0,1,4,4139,24,1
31,1,2,0,1,4,5742,36,0
42,1,3,0,0,2,10366,60,0
24,1,2,0,3,4,2080,6,1
41,1,1,0,3,4,2580,21,1
26,0,3,2,0,3,4530,30,1
33,1,2,0,0,3,5150,24,0
24,1,2,0,1,1,5595,72,0
64,1,1,2,0,0,2384,24,1
26,0,2,0,0,3,1453,18,1
56,0,2,0,0,2,1538,6,1
37,1,2,1,3,4,2279,12,1
33,1,2,0,0,2,1478,15,1
47,1,2,1,0,3,5103,24,0
31,1,1,0,1,1,9857,36,0
34,1,2,1,4,3,6527,60,0
27,1,2,0,2,2,1347,10,1
30,1,2,1,1,1,2862,36,1
35,1,2,0,1,2,2753,9,1
31,1,2,0,2,0,3651,12,1
25,1,2,0,0,0,975,15,1
25,0,1,0,1,1,2631,15,1
29,1,2,0,1,1,2896,24,1
44,1,1,0,3,0,4716,6,1
28,1,2,0,0,4,2284,24,1
50,1,2,2,3,2,1236,6,1
29,1,2,0,0,1,1103,12,1
38,0,0,0,0,2,926,12,1
24,1,2,0,0,4,1800,18,1
40,1,3,2,0,2,1905,15,1
29,0,1,2,3,2,1123,12,1
46,1,2,1,0,0,6331,48,0
47,0,2,1,1,2,1377,24,1
41,1,2,0,1,1,2503,30,1
32,0,2,0,0,1,2528,27,1
35,0,2,1,3,2,5324,15,0
24,1,2,0,1,1,6560,48,0
25,0,2,2,0,1,2969,12,1
25,0,2,0,0,1,1206,9,1
37,1,1,0,0,1,2118,9,1
32,1,3,0,3,3,629,18,1
35,0,2,1,0,0,1198,6,1
46,1,3,0,3,4,2476,21,1
25,1,1,0,0,0,1138,9,1
27,1,3,0,0,1,14027,60,0
63,1,2,0,3,4,7596,30,0
40,1,2,0,4,3,3077,30,1
32,1,3,1,0,3,1505,18,1
31,1,2,0,4,2,3148,24,1
31,1,2,0,1,1,6148,20,0
34,1,3,0,0,2,1337,9,1
24,0,2,2,2,1,433,6,1
24,0,1,0,0,0,1228,12,1
66,0,1,0,3,1,790,9,1
21,0,2,2,0,3,2570,27,1
41,0,1,0,2,3,250,6,1
47,1,1,0,3,2,1316,15,1
25,0,2,2,0,0,1882,18,1
59,0,2,2,0,1,6416,48,0
36,1,2,0,2,2,1275,24,1
33,1,2,0,0,1,6403,24,0
21,1,1,2,0,0,1987,24,1
44,0,1,0,0,1,760,8,1
28,0,2,2,2,3,2603,24,1
37,0,2,0,0,3,3380,4,1
29,0,0,0,4,1,3990,36,1
23,0,3,2,0,1,11560,24,0
35,1,1,0,1,0,4380,18,1
45,1,3,0,0,4,6761,6,0
26,0,1,2,1,1,4280,30,1
32,1,2,0,1,0,2325,24,1
23,1,1,0,0,1,1048,10,1
41,1,2,0,3,2,3160,21,1
22,1,2,0,3,0,2483,24,1
30,1,3,0,4,0,14179,39,0
28,1,1,0,0,0,1797,13,1
23,0,2,2,0,0,2511,15,1
37,0,1,0,0,0,1274,12,1
26,1,2,0,3,4,5248,21,0
33,1,2,0,0,4,3029,15,1
49,0,2,0,0,0,428,6,1
23,0,1,0,0,0,976,18,1
23,0,1,2,1,1,841,12,1
25,0,2,0,0,3,5771,30,0
55,1,2,1,2,2,1555,12,1
32,0,2,2,3,0,1285,24,1
74,1,0,0,0,2,1299,6,1
39,1,2,1,4,2,1271,15,1
31,1,2,0,0,2,1393,24,1
35,1,2,0,0,0,691,12,1
59,0,2,0,4,3,5045,15,0
24,0,2,2,0,0,2124,18,1
24,1,1,0,0,0,2214,12,1
30,1,3,1,3,3,12680,21,0
27,1,2,0,1,3,2463,24,1
40,1,1,0,0,1,1155,12,1
31,1,1,0,0,0,3108,30,1
31,0,2,2,3,2,2901,10,1
28,1,2,2,0,1,3617,12,1
63,1,1,0,0,3,1655,12,1
26,0,2,2,2,0,2812,24,1
25,0,3,0,0,0,8065,36,0
36,1,3,0,0,2,3275,21,1
52,1,2,0,1,4,2223,24,1
66,1,0,1,3,2,1480,12,1
25,0,2,2,4,0,1371,24,1
37,1,2,0,0,2,3535,36,1
25,0,2,0,0,0,3509,18,1
38,1,3,0,2,2,5711,36,0
67,0,2,0,0,1,3872,18,1
25,1,2,0,0,1,4933,39,1
60,1,2,0,2,4,1940,24,1
31,1,1,0,0,1,1410,12,1
23,0,1,0,1,1,836,12,1
60,1,3,0,4,1,6468,20,0
35,1,1,0,2,1,1941,18,1
40,1,2,0,3,2,2675,22,1
38,1,2,0,4,4,2751,48,1
50,1,2,1,0,1,6224,48,0
27,1,2,0,0,0,5998,40,0
39,0,2,0,0,1,1188,21,1
41,1,3,0,2,2,6313,24,0
27,1,2,0,3,2,1221,6,1
51,1,2,1,0,2,2892,24,1
32,1,2,2,3,2,3062,24,1
22,0,2,2,1,3,2301,9,1
51,1,2,1,4,0,7511,18,0
22,0,1,2,0,4,1258,12,1
54,1,2,0,2,3,717,24,1
35,1,0,0,2,1,1549,9,1
54,1,2,1,0,2,1597,24,1
48,0,1,2,0,1,1795,18,1
24,0,2,0,0,0,4272,20,1
35,1,2,0,3,2,976,12,1
24,0,0,2,3,1,7472,12,0
24,1,2,0,0,0,9271,36,0
26,1,1,0,0,1,590,6,1
65,1,2,0,4,3,930,12,1
55,1,3,1,0,1,9283,42,0
26,0,0,2,0,1,1778,15,1
26,1,2,0,0,1,907,8,1
28,1,1,0,0,1,484,6,1
24,1,2,0,0,0,9629,36,0
54,1,2,0,0,0,3051,48,1
46,1,2,1,0,0,3931,48,1
54,0,2,2,0,1,7432,36,0
62,1,2,0,3,2,1338,6,1
24,0,2,2,0,4,1554,6,1
43,1,3,0,0,0,15857,36,0
26,1,2,0,0,0,1345,18,1
27,1,2,0,0,3,1101,12,1
24,1,2,0,0,2,3016,12,1
41,1,2,0,0,0,2712,36,1
47,1,1,0,0,0,731,8,1
35,1,3,0,0,4,3780,18,1
30,1,2,0,0,0,1602,21,1
33,0,2,2,0,0,3966,18,1
36,1,2,0,0,3,4165,18,1
47,1,2,1,2,0,8335,36,0
38,1,2,1,3,1,6681,48,0
44,1,2,0,3,4,2375,24,1
23,0,2,2,0,0,1216,18,1
29,1,2,2,0,0,11816,45,0
42,0,2,0,3,1,5084,24,0
25,0,1,0,0,2,2327,15,1
48,1,2,0,0,0,1082,12,1
21,0,2,0,4,3,886,12,1
23,0,1,2,0,4,601,4,1
63,1,2,0,0,0,2957,24,1
46,1,2,0,0,2,2611,24,1
29,1,2,0,0,0,5179,36,0
28,1,1,0,0,4,2993,21,1
23,0,2,0,0,4,1943,18,1
50,1,2,0,0,2,1559,24,1
47,1,2,0,0,4,3422,18,1
35,1,2,0,2,1,3976,21,1
68,1,2,2,3,2,6761,18,0
28,1,2,0,0,4,1249,24,1
59,1,2,0,0,0,1364,9,1
57,1,1,0,0,0,709,12,1
33,1,2,2,0,0,2235,20,1
43,1,2,0,3,2,4042,24,1
35,1,2,1,0,2,1471,15,1
32,1,1,1,0,0,1442,18,1
45,1,2,0,0,4,10875,36,0
33,1,2,0,1,4,1474,24,1
40,0,2,0,3,3,894,10,1
28,1,2,1,0,4,3343,15,1
29,0,2,0,0,0,3959,15,1
26,1,2,2,1,4,3577,9,1
27,1,2,0,2,2,5804,24,0
28,1,2,0,0,4,2169,18,1
35,0,2,0,0,0,2439,24,1
32,1,1,0,2,2,4526,27,1
25,1,1,2,0,2,2210,10,1
20,0,2,2,3,4,2221,15,1
27,0,2,0,0,0,2389,18,1
42,1,2,0,0,2,3331,12,1
37,1,2,0,4,4,7409,36,0
24,0,2,2,0,0,652,12,1
40,0,2,0,3,2,7678,36,0
46,1,2,0,0,2,1343,6,1
26,1,2,0,1,0,1382,24,1
24,0,2,0,2,2,874,15,1
29,1,1,0,0,0,3590,12,1
40,0,2,0,2,1,1322,11,1
36,1,3,1,0,0,1940,18,1
28,1,2,0,0,2,3595,36,1
27,1,3,1,0,0,1422,9,1
36,1,2,0,3,2,6742,30,0
38,1,3,0,0,4,7814,24,0
48,1,2,1,4,4,9277,24,0
36,1,2,0,4,1,2181,30,1
65,0,0,0,0,3,1098,18,1
43,1,2,0,0,1,4057,24,1
53,0,2,0,0,0,795,12,1
34,1,2,0,2,1,2825,24,1
23,1,2,0,0,1,15672,48,0
34,1,3,0,0,2,6614,36,0
40,1,2,2,2,2,7824,28,0
43,1,3,0,0,0,2442,27,1
46,1,2,0,0,4,1829,15,1
38,1,1,0,0,0,2171,12,1
34,1,2,0,0,1,5800,36,0
29,1,2,0,2,2,1169,18,1
31,1,3,0,2,3,8947,36,0
28,0,3,2,0,0,2606,21,1
35,0,2,0,2,4,1592,12,1
33,0,1,2,2,2,2186,15,1
42,1,2,0,0,0,4153,18,1
43,1,2,2,0,0,2625,16,1
44,1,2,0,3,2,3485,20,1
42,1,2,1,2,2,10477,36,0
40,1,2,2,2,2,1386,15,1
36,1,3,0,0,2,1278,24,1
20,1,3,2,0,0,1107,12,1
24,1,1,0,2,0,3763,21,1
27,1,2,0,2,1,3711,36,1
46,0,1,0,0,3,3594,15,1
33,0,1,0,4,1,3195,9,1
34,0,2,0,0,3,4454,36,1
25,0,1,0,0,1,4736,24,1
25,0,2,0,3,1,2991,30,1
28,1,2,0,2,2,2142,11,1
31,1,2,2,0,0,3161,24,1
32,0,3,0,0,1,18424,48,0
32,1,2,0,1,2,2848,10,1
68,1,3,0,0,0,14896,6,0
33,1,2,0,1,0,2359,24,1
39,1,3,2,0,0,3345,24,1
28,0,2,0,0,2,1817,18,1
37,1,3,0,3,3,12749,48,0
22,0,2,2,0,0,1366,9,1
30,1,2,2,0,1,2002,12,1
55,1,2,0,0,0,6872,24,0
46,1,2,0,0,0,697,12,1
21,0,2,2,0,0,1049,18,1
39,1,2,1,0,0,10297,48,0
58,1,2,0,3,2,1867,30,1
43,1,1,0,0,0,1344,12,1
24,1,1,0,0,0,1747,24,1
22,0,2,0,0,1,1670,9,1
30,1,2,0,0,3,1224,9,1
42,1,2,0,3,2,522,12,1
23,0,2,0,0,0,1498,12,1
30,1,3,0,1,1,1919,30,1
28,0,1,0,0,2,745,9,1
30,1,3,2,0,1,2063,6,1
42,1,2,1,0,1,6288,60,0
46,1,3,0,4,3,6842,24,0
45,1,3,0,3,3,3527,12,1
31,1,1,0,0,4,1546,10,1
31,1,2,0,3,3,929,24,1
42,1,1,0,0,2,1455,4,1
46,0,2,2,0,0,1845,15,1
30,0,2,0,3,1,8358,48,0
30,1,2,1,3,0,3349,24,1
38,1,3,0,3,2,2859,12,1
43,1,1,0,0,4,1533,18,1
31,1,2,0,1,4,3621,24,1
40,1,0,0,0,1,3590,18,1
24,1,2,0,0,0,2145,36,1
28,0,2,2,3,1,4113,24,1
26,0,3,0,0,4,10974,36,0
29,0,2,0,0,0,1893,12,1
57,0,3,2,2,0,1231,24,1
49,1,1,0,4,2,3656,30,1
37,1,1,0,0,1,1154,9,1
45,1,1,0,0,0,4006,28,1
30,1,2,1,1,1,3069,24,1
30,1,2,2,0,3,1740,6,1
47,1,2,0,0,1,2353,21,1
29,1,2,0,4,2,3556,15,1
35,1,2,0,3,3,2397,24,1
22,1,1,0,0,1,454,6,1
26,0,2,0,3,1,1715,30,1
23,1,1,0,3,1,2520,27,1
54,0,3,2,0,3,3568,15,1
29,1,2,2,3,2,7166,42,0
40,1,1,0,0,0,3939,11,1
22,1,2,0,1,1,1514,15,1
43,1,1,0,0,2,7393,24,0
29,0,0,2,0,0,1193,24,1
36,1,2,2,0,0,7297,60,0
33,0,2,0,0,3,2831,30,1
57,0,1,0,3,2,1258,24,1
64,0,2,0,0,1,753,6,1
42,1,2,0,3,1,2427,18,1
47,1,1,0,0,2,2538,24,1
25,1,2,2,1,1,1264,15,1
49,1,2,0,0,1,8386,30,0
33,1,3,2,0,3,4844,48,1
28,0,3,0,1,2,2923,21,1
26,1,2,0,0,0,8229,36,0
30,1,1,0,0,4,2028,24,1
25,0,2,2,0,0,1433,15,1
33,1,2,0,0,2,6289,42,0
64,0,2,0,1,4,1409,13,1
29,1,3,1,0,0,6579,24,0
48,1,1,0,0,1,1743,24,1
37,1,1,0,4,3,3565,12,1
34,1,1,0,1,4,1569,15,1
23,1,1,2,2,0,1936,18,1
30,1,3,0,0,0,3959,36,1
50,1,2,0,3,2,2390,12,1
31,0,1,0,0,3,1736,12,1
40,1,3,0,0,0,3857,30,1
38,1,2,0,0,4,804,12,1
23,1,2,1,0,0,1845,45,1
27,1,2,0,1,1,4576,45,1
